theta0,theta1
8493.347003850013,-0.021389499179349514
